section id,recording id,fixation id,start timestamp [ns],end timestamp [ns],duration [ms],fixation detected in reference image,fixation x [px],fixation y [px]
3cd54e6f-f12e-468c-9a7b-6afffd5f0379,54a0deee-23dd-48f4-806e-6fdb519d6a7c,248,1636035560036503914,1636035560236515914,200,true,2419,2138
3cd54e6f-f12e-468c-9a7b-6afffd5f0379,54a0deee-23dd-48f4-806e-6fdb519d6a7c,249,1636035560256651914,1636035560480505914,223,true,2224,1717
3cd54e6f-f12e-468c-9a7b-6afffd5f0379,54a0deee-23dd-48f4-806e-6fdb519d6a7c,250,1636035560500491914,1636035560740669914,240,true,2427,1559
3cd54e6f-f12e-468c-9a7b-6afffd5f0379,54a0deee-23dd-48f4-806e-6fdb519d6a7c,251,1636035560776494914,1636035560972502914,196,true,1935,1119
3cd54e6f-f12e-468c-9a7b-6afffd5f0379,54a0deee-23dd-48f4-806e-6fdb519d6a7c,252,1636035561008557914,1636035561168510914,159,true,2828,1668
3cd54e6f-f12e-468c-9a7b-6afffd5f0379,54a0deee-23dd-48f4-806e-6fdb519d6a7c,253,1636035561172498914,1636035561332509914,160,false,3159,1770
3cd54e6f-f12e-468c-9a7b-6afffd5f0379,54a0deee-23dd-48f4-806e-6fdb519d6a7c,254,1636035561376534914,1636035561508512914,131,false,3480,933
3cd54e6f-f12e-468c-9a7b-6afffd5f0379,54a0deee-23dd-48f4-806e-6fdb519d6a7c,255,1636035561528505914,1636035561640564914,112,false,3634,585
3cd54e6f-f12e-468c-9a7b-6afffd5f0379,54a0deee-23dd-48f4-806e-6fdb519d6a7c,256,1636035561792506914,1636035561888501914,95,false,,
3cd54e6f-f12e-468c-9a7b-6afffd5f0379,54a0deee-23dd-48f4-806e-6fdb519d6a7c,257,1636035561928498914,1636035562080490914,151,false,,
3cd54e6f-f12e-468c-9a7b-6afffd5f0379,54a0deee-23dd-48f4-806e-6fdb519d6a7c,258,1636035562108594914,1636035562400509914,291,false,,
3cd54e6f-f12e-468c-9a7b-6afffd5f0379,54a0deee-23dd-48f4-806e-6fdb519d6a7c,259,1636035562436513914,1636035562584513914,148,false,,
3cd54e6f-f12e-468c-9a7b-6afffd5f0379,54a0deee-23dd-48f4-806e-6fdb519d6a7c,260,1636035562708503914,1636035562936523914,228,true,1839,1040
3cd54e6f-f12e-468c-9a7b-6afffd5f0379,54a0deee-23dd-48f4-806e-6fdb519d6a7c,261,1636035562968526914,1636035563236545914,268,true,1011,529
3cd54e6f-f12e-468c-9a7b-6afffd5f0379,54a0deee-23dd-48f4-806e-6fdb519d6a7c,262,1636035563284497914,1636035563376517914,92,true,275,1682
3cd54e6f-f12e-468c-9a7b-6afffd5f0379,54a0deee-23dd-48f4-806e-6fdb519d6a7c,263,1636035563452493914,1636035563736504914,284,false,,
3cd54e6f-f12e-468c-9a7b-6afffd5f0379,54a0deee-23dd-48f4-806e-6fdb519d6a7c,264,1636035563772513914,1636035563976545914,204,false,,
3cd54e6f-f12e-468c-9a7b-6afffd5f0379,54a0deee-23dd-48f4-806e-6fdb519d6a7c,265,1636035564096498914,1636035564308508914,212,true,1952,1278
3cd54e6f-f12e-468c-9a7b-6afffd5f0379,54a0deee-23dd-48f4-806e-6fdb519d6a7c,266,1636035564332495914,1636035564528494914,195,true,1926,980
3cd54e6f-f12e-468c-9a7b-6afffd5f0379,54a0deee-23dd-48f4-806e-6fdb519d6a7c,267,1636035564560496914,1636035564772491914,211,true,1725,2013
3cd54e6f-f12e-468c-9a7b-6afffd5f0379,54a0deee-23dd-48f4-806e-6fdb519d6a7c,268,1636035564816510914,1636035565184481914,367,true,2527,2557
3cd54e6f-f12e-468c-9a7b-6afffd5f0379,54a0deee-23dd-48f4-806e-6fdb519d6a7c,269,1636035565216507914,1636035565468510914,252,false,3174,2366
3cd54e6f-f12e-468c-9a7b-6afffd5f0379,54a0deee-23dd-48f4-806e-6fdb519d6a7c,270,1636035565504507914,1636035566388512914,884,false,3152,1679
3cd54e6f-f12e-468c-9a7b-6afffd5f0379,54a0deee-23dd-48f4-806e-6fdb519d6a7c,271,1636035566408588914,1636035566728545914,319,false,3269,1839
3cd54e6f-f12e-468c-9a7b-6afffd5f0379,54a0deee-23dd-48f4-806e-6fdb519d6a7c,272,1636035566748527914,1636035567712505914,963,false,3165,1689
3cd54e6f-f12e-468c-9a7b-6afffd5f0379,54a0deee-23dd-48f4-806e-6fdb519d6a7c,273,1636035567748500914,1636035568156498914,407,false,3108,1010
3cd54e6f-f12e-468c-9a7b-6afffd5f0379,54a0deee-23dd-48f4-806e-6fdb519d6a7c,274,1636035568172510914,1636035568528506914,355,false,3118,1198
3cd54e6f-f12e-468c-9a7b-6afffd5f0379,54a0deee-23dd-48f4-806e-6fdb519d6a7c,275,1636035568572498914,1636035568728493914,155,true,2505,834
3cd54e6f-f12e-468c-9a7b-6afffd5f0379,54a0deee-23dd-48f4-806e-6fdb519d6a7c,276,1636035568736622914,1636035568964500914,227,true,2319,727
3cd54e6f-f12e-468c-9a7b-6afffd5f0379,54a0deee-23dd-48f4-806e-6fdb519d6a7c,277,1636035568988480914,1636035569232514914,244,true,1916,1004
3cd54e6f-f12e-468c-9a7b-6afffd5f0379,54a0deee-23dd-48f4-806e-6fdb519d6a7c,278,1636035569284491914,1636035569560536914,276,true,1041,584
3cd54e6f-f12e-468c-9a7b-6afffd5f0379,54a0deee-23dd-48f4-806e-6fdb519d6a7c,279,1636035569624494914,1636035569800521914,176,true,2791,1826
3cd54e6f-f12e-468c-9a7b-6afffd5f0379,54a0deee-23dd-48f4-806e-6fdb519d6a7c,280,1636035569824499914,1636035571292525914,1468,false,3167,1750
3cd54e6f-f12e-468c-9a7b-6afffd5f0379,54a0deee-23dd-48f4-806e-6fdb519d6a7c,281,1636035571304548914,1636035572428483914,1123,false,3278,1931
89011032-f86b-41fa-a7c7-1c39e734113a,95833eee-cc7c-41ad-a242-b0db2e421866,286,1635864181978311439,1635864182218113439,239,false,3067,1759
89011032-f86b-41fa-a7c7-1c39e734113a,95833eee-cc7c-41ad-a242-b0db2e421866,287,1635864182858083439,1635864183042144439,184,true,1085,2790
89011032-f86b-41fa-a7c7-1c39e734113a,95833eee-cc7c-41ad-a242-b0db2e421866,288,1635864183114118439,1635864183242137439,128,true,1512,1346
89011032-f86b-41fa-a7c7-1c39e734113a,95833eee-cc7c-41ad-a242-b0db2e421866,289,1635864183302190439,1635864183418302439,116,true,1844,888
89011032-f86b-41fa-a7c7-1c39e734113a,95833eee-cc7c-41ad-a242-b0db2e421866,290,1635864183494106439,1635864183734084439,239,true,2269,743
89011032-f86b-41fa-a7c7-1c39e734113a,95833eee-cc7c-41ad-a242-b0db2e421866,291,1635864183798559439,1635864184462179439,663,true,942,496
89011032-f86b-41fa-a7c7-1c39e734113a,95833eee-cc7c-41ad-a242-b0db2e421866,292,1635864184526102439,1635864184754123439,228,true,2281,677
89011032-f86b-41fa-a7c7-1c39e734113a,95833eee-cc7c-41ad-a242-b0db2e421866,293,1635864184782133439,1635864184910100439,127,true,2624,803
89011032-f86b-41fa-a7c7-1c39e734113a,95833eee-cc7c-41ad-a242-b0db2e421866,294,1635864184930115439,1635864185082099439,151,false,3037,1102
89011032-f86b-41fa-a7c7-1c39e734113a,95833eee-cc7c-41ad-a242-b0db2e421866,295,1635864185138148439,1635864185562153439,424,false,3684,584
89011032-f86b-41fa-a7c7-1c39e734113a,95833eee-cc7c-41ad-a242-b0db2e421866,296,1635864185610256439,1635864185758097439,147,false,3047,1032
89011032-f86b-41fa-a7c7-1c39e734113a,95833eee-cc7c-41ad-a242-b0db2e421866,297,1635864185758097439,1635864186034111439,276,true,2883,1104
89011032-f86b-41fa-a7c7-1c39e734113a,95833eee-cc7c-41ad-a242-b0db2e421866,298,1635864186066125439,1635864186322161439,256,false,3316,1174
89011032-f86b-41fa-a7c7-1c39e734113a,95833eee-cc7c-41ad-a242-b0db2e421866,299,1635864186366102439,1635864186838369439,472,false,2994,1773
89011032-f86b-41fa-a7c7-1c39e734113a,95833eee-cc7c-41ad-a242-b0db2e421866,300,1635864186898130439,1635864187218097439,319,false,3119,2519
89011032-f86b-41fa-a7c7-1c39e734113a,95833eee-cc7c-41ad-a242-b0db2e421866,301,1635864187262137439,1635864187646093439,383,true,2342,2752
89011032-f86b-41fa-a7c7-1c39e734113a,95833eee-cc7c-41ad-a242-b0db2e421866,302,1635864187698087439,1635864188134124439,436,true,1031,2962
89011032-f86b-41fa-a7c7-1c39e734113a,95833eee-cc7c-41ad-a242-b0db2e421866,303,1635864188174151439,1635864188582107439,407,true,1564,2641
89011032-f86b-41fa-a7c7-1c39e734113a,95833eee-cc7c-41ad-a242-b0db2e421866,304,1635864188630134439,1635864188850115439,219,true,1508,1789
89011032-f86b-41fa-a7c7-1c39e734113a,95833eee-cc7c-41ad-a242-b0db2e421866,305,1635864188862147439,1635864189698089439,835,true,1425,1603
89011032-f86b-41fa-a7c7-1c39e734113a,95833eee-cc7c-41ad-a242-b0db2e421866,306,1635864189726092439,1635864190138127439,412,true,2002,1598
89011032-f86b-41fa-a7c7-1c39e734113a,95833eee-cc7c-41ad-a242-b0db2e421866,307,1635864190162144439,1635864191118145439,956,true,1428,1558
89011032-f86b-41fa-a7c7-1c39e734113a,95833eee-cc7c-41ad-a242-b0db2e421866,308,1635864191142177439,1635864191646194439,504,true,2079,1568
89011032-f86b-41fa-a7c7-1c39e734113a,95833eee-cc7c-41ad-a242-b0db2e421866,309,1635864191670197439,1635864191886093439,215,true,1802,1598
89011032-f86b-41fa-a7c7-1c39e734113a,95833eee-cc7c-41ad-a242-b0db2e421866,310,1635864191958104439,1635864192474138439,516,false,3031,1728
89011032-f86b-41fa-a7c7-1c39e734113a,95833eee-cc7c-41ad-a242-b0db2e421866,311,1635864192514110439,1635864192898111439,384,false,3167,2453
89011032-f86b-41fa-a7c7-1c39e734113a,95833eee-cc7c-41ad-a242-b0db2e421866,312,1635864192950208439,1635864193514106439,563,true,2327,2756
89011032-f86b-41fa-a7c7-1c39e734113a,95833eee-cc7c-41ad-a242-b0db2e421866,313,1635864193578102439,1635864194066108439,488,true,1053,2944
89011032-f86b-41fa-a7c7-1c39e734113a,95833eee-cc7c-41ad-a242-b0db2e421866,314,1635864194114089439,1635864194354091439,240,true,1406,2616
89011032-f86b-41fa-a7c7-1c39e734113a,95833eee-cc7c-41ad-a242-b0db2e421866,315,1635864194462143439,1635864194730114439,267,false,,
89011032-f86b-41fa-a7c7-1c39e734113a,95833eee-cc7c-41ad-a242-b0db2e421866,316,1635864194850102439,1635864195126081439,275,true,16,2219
89011032-f86b-41fa-a7c7-1c39e734113a,95833eee-cc7c-41ad-a242-b0db2e421866,317,1635864195210144439,1635864195370117439,159,true,1152,1362
89011032-f86b-41fa-a7c7-1c39e734113a,95833eee-cc7c-41ad-a242-b0db2e421866,318,1635864195434093439,1635864195774126439,340,true,924,601
89011032-f86b-41fa-a7c7-1c39e734113a,95833eee-cc7c-41ad-a242-b0db2e421866,319,1635864195834110439,1635864196042125439,208,true,1557,1746
701607c8-fd13-4c98-b5cd-2bf7e1b5818a,b1eafeee-a388-4c85-86a4-fa855bc4bea3,329,1636382551970759745,1636382552042808745,72,true,2321,1175
701607c8-fd13-4c98-b5cd-2bf7e1b5818a,b1eafeee-a388-4c85-86a4-fa855bc4bea3,330,1636382552242879745,1636382552470811745,227,true,2351,882
701607c8-fd13-4c98-b5cd-2bf7e1b5818a,b1eafeee-a388-4c85-86a4-fa855bc4bea3,331,1636382552518779745,1636382552942801745,424,true,1828,1799
701607c8-fd13-4c98-b5cd-2bf7e1b5818a,b1eafeee-a388-4c85-86a4-fa855bc4bea3,332,1636382552978783745,1636382553674700745,695,true,1250,1840
701607c8-fd13-4c98-b5cd-2bf7e1b5818a,b1eafeee-a388-4c85-86a4-fa855bc4bea3,333,1636382553702802745,1636382553894799745,191,true,1308,2230
701607c8-fd13-4c98-b5cd-2bf7e1b5818a,b1eafeee-a388-4c85-86a4-fa855bc4bea3,334,1636382553930800745,1636382554370804745,440,true,1405,2663
701607c8-fd13-4c98-b5cd-2bf7e1b5818a,b1eafeee-a388-4c85-86a4-fa855bc4bea3,335,1636382554414761745,1636382555746913745,1332,true,2322,2834
701607c8-fd13-4c98-b5cd-2bf7e1b5818a,b1eafeee-a388-4c85-86a4-fa855bc4bea3,336,1636382555798872745,1636382556398854745,599,false,3180,2618
701607c8-fd13-4c98-b5cd-2bf7e1b5818a,b1eafeee-a388-4c85-86a4-fa855bc4bea3,337,1636382556438791745,1636382557106811745,668,true,2967,1900
701607c8-fd13-4c98-b5cd-2bf7e1b5818a,b1eafeee-a388-4c85-86a4-fa855bc4bea3,338,1636382557134785745,1636382557598703745,463,true,2882,1281
701607c8-fd13-4c98-b5cd-2bf7e1b5818a,b1eafeee-a388-4c85-86a4-fa855bc4bea3,339,1636382557634977745,1636382558394765745,759,false,3277,1364
701607c8-fd13-4c98-b5cd-2bf7e1b5818a,b1eafeee-a388-4c85-86a4-fa855bc4bea3,340,1636382558398805745,1636382558962742745,563,false,3496,696
701607c8-fd13-4c98-b5cd-2bf7e1b5818a,b1eafeee-a388-4c85-86a4-fa855bc4bea3,341,1636382559006781745,1636382559174776745,167,true,2322,778
701607c8-fd13-4c98-b5cd-2bf7e1b5818a,b1eafeee-a388-4c85-86a4-fa855bc4bea3,342,1636382559186788745,1636382559554770745,367,true,2178,811
701607c8-fd13-4c98-b5cd-2bf7e1b5818a,b1eafeee-a388-4c85-86a4-fa855bc4bea3,343,1636382559554770745,1636382559746758745,191,true,2354,855
701607c8-fd13-4c98-b5cd-2bf7e1b5818a,b1eafeee-a388-4c85-86a4-fa855bc4bea3,344,1636382559786782745,1636382560182777745,395,true,1600,1075
701607c8-fd13-4c98-b5cd-2bf7e1b5818a,b1eafeee-a388-4c85-86a4-fa855bc4bea3,345,1636382560218755745,1636382560719702745,500,true,814,719
701607c8-fd13-4c98-b5cd-2bf7e1b5818a,b1eafeee-a388-4c85-86a4-fa855bc4bea3,346,1636382560766793745,1636382561162844745,396,true,1233,1850
701607c8-fd13-4c98-b5cd-2bf7e1b5818a,b1eafeee-a388-4c85-86a4-fa855bc4bea3,347,1636382561174780745,1636382561598803745,424,true,1871,1792
701607c8-fd13-4c98-b5cd-2bf7e1b5818a,b1eafeee-a388-4c85-86a4-fa855bc4bea3,348,1636382561622780745,1636382562098763745,475,true,2274,1720
701607c8-fd13-4c98-b5cd-2bf7e1b5818a,b1eafeee-a388-4c85-86a4-fa855bc4bea3,349,1636382562166783745,1636382563394749745,1227,true,850,2971
701607c8-fd13-4c98-b5cd-2bf7e1b5818a,b1eafeee-a388-4c85-86a4-fa855bc4bea3,350,1636382563426705745,1636382563590782745,164,false,,
701607c8-fd13-4c98-b5cd-2bf7e1b5818a,b1eafeee-a388-4c85-86a4-fa855bc4bea3,351,1636382563610689745,1636382564182797745,572,true,1442,2685
701607c8-fd13-4c98-b5cd-2bf7e1b5818a,b1eafeee-a388-4c85-86a4-fa855bc4bea3,352,1636382564246884745,1636382564418715745,171,true,2103,1763
701607c8-fd13-4c98-b5cd-2bf7e1b5818a,b1eafeee-a388-4c85-86a4-fa855bc4bea3,353,1636382564418715745,1636382564614786745,196,true,1975,1628
701607c8-fd13-4c98-b5cd-2bf7e1b5818a,b1eafeee-a388-4c85-86a4-fa855bc4bea3,354,1636382564646780745,1636382564990781745,344,true,1174,1624
701607c8-fd13-4c98-b5cd-2bf7e1b5818a,b1eafeee-a388-4c85-86a4-fa855bc4bea3,355,1636382565022794745,1636382565474788745,451,true,1647,1046
701607c8-fd13-4c98-b5cd-2bf7e1b5818a,b1eafeee-a388-4c85-86a4-fa855bc4bea3,356,1636382565514799745,1636382565818864745,304,true,2205,844
701607c8-fd13-4c98-b5cd-2bf7e1b5818a,b1eafeee-a388-4c85-86a4-fa855bc4bea3,357,1636382565830803745,1636382566110852745,280,true,2411,874
701607c8-fd13-4c98-b5cd-2bf7e1b5818a,b1eafeee-a388-4c85-86a4-fa855bc4bea3,358,1636382566154801745,1636382566594708745,439,true,2918,1255
701607c8-fd13-4c98-b5cd-2bf7e1b5818a,b1eafeee-a388-4c85-86a4-fa855bc4bea3,359,1636382566626781745,1636382566914745745,287,false,3291,1338
701607c8-fd13-4c98-b5cd-2bf7e1b5818a,b1eafeee-a388-4c85-86a4-fa855bc4bea3,360,1636382566962841745,1636382567182774745,219,false,3183,2142
701607c8-fd13-4c98-b5cd-2bf7e1b5818a,b1eafeee-a388-4c85-86a4-fa855bc4bea3,361,1636382567190692745,1636382567830776745,640,false,3063,2569
701607c8-fd13-4c98-b5cd-2bf7e1b5818a,b1eafeee-a388-4c85-86a4-fa855bc4bea3,362,1636382567866797745,1636382568094706745,227,true,2244,2873
701607c8-fd13-4c98-b5cd-2bf7e1b5818a,b1eafeee-a388-4c85-86a4-fa855bc4bea3,363,1636382568134730745,1636382568378790745,244,false,3082,2637
701607c8-fd13-4c98-b5cd-2bf7e1b5818a,b1eafeee-a388-4c85-86a4-fa855bc4bea3,364,1636382568406768745,1636382568990727745,583,false,,
701607c8-fd13-4c98-b5cd-2bf7e1b5818a,b1eafeee-a388-4c85-86a4-fa855bc4bea3,365,1636382569030961745,1636382569238687745,207,false,3131,2505
701607c8-fd13-4c98-b5cd-2bf7e1b5818a,b1eafeee-a388-4c85-86a4-fa855bc4bea3,366,1636382569442783745,1636382570058794745,616,false,3559,550
701607c8-fd13-4c98-b5cd-2bf7e1b5818a,b1eafeee-a388-4c85-86a4-fa855bc4bea3,367,1636382570078795745,1636382570622914745,544,false,3609,550
701607c8-fd13-4c98-b5cd-2bf7e1b5818a,b1eafeee-a388-4c85-86a4-fa855bc4bea3,368,1636382570762915745,1636382571406797745,643,true,2419,2862
701607c8-fd13-4c98-b5cd-2bf7e1b5818a,b1eafeee-a388-4c85-86a4-fa855bc4bea3,369,1636382571538792745,1636382572554866745,1016,true,842,682
701607c8-fd13-4c98-b5cd-2bf7e1b5818a,b1eafeee-a388-4c85-86a4-fa855bc4bea3,370,1636382572743167745,1636382572994715745,251,false,,
701607c8-fd13-4c98-b5cd-2bf7e1b5818a,b1eafeee-a388-4c85-86a4-fa855bc4bea3,371,1636382573058845745,1636382573578723745,519,true,1376,2823
701607c8-fd13-4c98-b5cd-2bf7e1b5818a,b1eafeee-a388-4c85-86a4-fa855bc4bea3,372,1636382573626712745,1636382573778785745,152,true,2721,2605
701607c8-fd13-4c98-b5cd-2bf7e1b5818a,b1eafeee-a388-4c85-86a4-fa855bc4bea3,373,1636382573834754745,1636382574078875745,244,true,2137,1791
701607c8-fd13-4c98-b5cd-2bf7e1b5818a,b1eafeee-a388-4c85-86a4-fa855bc4bea3,374,1636382574114774745,1636382574706849745,592,true,2859,1452
701607c8-fd13-4c98-b5cd-2bf7e1b5818a,b1eafeee-a388-4c85-86a4-fa855bc4bea3,375,1636382574722834745,1636382575007062745,284,true,2800,1297
701607c8-fd13-4c98-b5cd-2bf7e1b5818a,b1eafeee-a388-4c85-86a4-fa855bc4bea3,376,1636382575078808745,1636382575342908745,264,false,,
701607c8-fd13-4c98-b5cd-2bf7e1b5818a,b1eafeee-a388-4c85-86a4-fa855bc4bea3,377,1636382575359032745,1636382575482810745,123,false,,
701607c8-fd13-4c98-b5cd-2bf7e1b5818a,b1eafeee-a388-4c85-86a4-fa855bc4bea3,378,1636382575550799745,1636382575694901745,144,false,3015,1422
701607c8-fd13-4c98-b5cd-2bf7e1b5818a,b1eafeee-a388-4c85-86a4-fa855bc4bea3,379,1636382575706775745,1636382576534717745,827,true,2804,1442
701607c8-fd13-4c98-b5cd-2bf7e1b5818a,b1eafeee-a388-4c85-86a4-fa855bc4bea3,380,1636382576550808745,1636382576694784745,143,true,2748,1262
701607c8-fd13-4c98-b5cd-2bf7e1b5818a,b1eafeee-a388-4c85-86a4-fa855bc4bea3,381,1636382576710767745,1636382577074705745,363,true,2277,844
701607c8-fd13-4c98-b5cd-2bf7e1b5818a,b1eafeee-a388-4c85-86a4-fa855bc4bea3,382,1636382577110732745,1636382577230950745,120,true,1604,1203
701607c8-fd13-4c98-b5cd-2bf7e1b5818a,b1eafeee-a388-4c85-86a4-fa855bc4bea3,383,1636382577310812745,1636382577550789745,239,false,,
701607c8-fd13-4c98-b5cd-2bf7e1b5818a,b1eafeee-a388-4c85-86a4-fa855bc4bea3,384,1636382577578874745,1636382577778695745,199,false,,
93f3ae11-30aa-45a9-b5bd-57b0ed6bad95,c9431eee-9299-4234-81b7-1df1e3e6e97c,192,1636386863399802256,1636386863843951256,444,false,3026,876
93f3ae11-30aa-45a9-b5bd-57b0ed6bad95,c9431eee-9299-4234-81b7-1df1e3e6e97c,193,1636386863875777256,1636386864263759256,387,false,3827,348
93f3ae11-30aa-45a9-b5bd-57b0ed6bad95,c9431eee-9299-4234-81b7-1df1e3e6e97c,194,1636386864315843256,1636386864643737256,327,true,2251,526
93f3ae11-30aa-45a9-b5bd-57b0ed6bad95,c9431eee-9299-4234-81b7-1df1e3e6e97c,195,1636386864683786256,1636386865087775256,403,true,928,484
93f3ae11-30aa-45a9-b5bd-57b0ed6bad95,c9431eee-9299-4234-81b7-1df1e3e6e97c,196,1636386865219794256,1636386865455780256,235,true,978,580
93f3ae11-30aa-45a9-b5bd-57b0ed6bad95,c9431eee-9299-4234-81b7-1df1e3e6e97c,197,1636386865499768256,1636386865695750256,195,true,1829,944
93f3ae11-30aa-45a9-b5bd-57b0ed6bad95,c9431eee-9299-4234-81b7-1df1e3e6e97c,198,1636386865727808256,1636386866691781256,963,true,1295,1530
93f3ae11-30aa-45a9-b5bd-57b0ed6bad95,c9431eee-9299-4234-81b7-1df1e3e6e97c,199,1636386866719802256,1636386866915824256,196,true,1756,1529
93f3ae11-30aa-45a9-b5bd-57b0ed6bad95,c9431eee-9299-4234-81b7-1df1e3e6e97c,200,1636386866955854256,1636386867107771256,151,true,2125,805
93f3ae11-30aa-45a9-b5bd-57b0ed6bad95,c9431eee-9299-4234-81b7-1df1e3e6e97c,201,1636386867131812256,1636386867487759256,355,true,1815,698
93f3ae11-30aa-45a9-b5bd-57b0ed6bad95,c9431eee-9299-4234-81b7-1df1e3e6e97c,202,1636386867479795256,1636386868383793256,903,true,2491,528
93f3ae11-30aa-45a9-b5bd-57b0ed6bad95,c9431eee-9299-4234-81b7-1df1e3e6e97c,203,1636386868411765256,1636386869407770256,996,false,3028,990
93f3ae11-30aa-45a9-b5bd-57b0ed6bad95,c9431eee-9299-4234-81b7-1df1e3e6e97c,204,1636386869483784256,1636386870395759256,911,true,984,511
93f3ae11-30aa-45a9-b5bd-57b0ed6bad95,c9431eee-9299-4234-81b7-1df1e3e6e97c,205,1636386870479782256,1636386870719793256,240,true,1536,2768
93f3ae11-30aa-45a9-b5bd-57b0ed6bad95,c9431eee-9299-4234-81b7-1df1e3e6e97c,206,1636386870775743256,1636386871727740256,951,true,2429,2586
93f3ae11-30aa-45a9-b5bd-57b0ed6bad95,c9431eee-9299-4234-81b7-1df1e3e6e97c,207,1636386871827825256,1636386871911839256,84,true,1279,884
93f3ae11-30aa-45a9-b5bd-57b0ed6bad95,c9431eee-9299-4234-81b7-1df1e3e6e97c,208,1636386871927788256,1636386872527802256,600,true,1041,529
93f3ae11-30aa-45a9-b5bd-57b0ed6bad95,c9431eee-9299-4234-81b7-1df1e3e6e97c,209,1636386872587780256,1636386873235803256,648,false,3159,1065
93f3ae11-30aa-45a9-b5bd-57b0ed6bad95,c9431eee-9299-4234-81b7-1df1e3e6e97c,210,1636386873283784256,1636386874447795256,1164,false,3237,2241
93f3ae11-30aa-45a9-b5bd-57b0ed6bad95,c9431eee-9299-4234-81b7-1df1e3e6e97c,211,1636386874471779256,1636386875915759256,1443,false,3133,1642
93f3ae11-30aa-45a9-b5bd-57b0ed6bad95,c9431eee-9299-4234-81b7-1df1e3e6e97c,212,1636386875959759256,1636386876699770256,740,false,3510,1038
93f3ae11-30aa-45a9-b5bd-57b0ed6bad95,c9431eee-9299-4234-81b7-1df1e3e6e97c,213,1636386876739763256,1636386877891859256,1152,false,3684,283
93f3ae11-30aa-45a9-b5bd-57b0ed6bad95,c9431eee-9299-4234-81b7-1df1e3e6e97c,214,1636386877971799256,1636386878291820256,320,true,1916,1593
93f3ae11-30aa-45a9-b5bd-57b0ed6bad95,c9431eee-9299-4234-81b7-1df1e3e6e97c,215,1636386878319807256,1636386879315752256,995,true,1536,1733
93f3ae11-30aa-45a9-b5bd-57b0ed6bad95,c9431eee-9299-4234-81b7-1df1e3e6e97c,216,1636386879355785256,1636386880639752256,1283,true,1535,2493
93f3ae11-30aa-45a9-b5bd-57b0ed6bad95,c9431eee-9299-4234-81b7-1df1e3e6e97c,217,1636386880659785256,1636386882611756256,1951,true,1057,2807
93f3ae11-30aa-45a9-b5bd-57b0ed6bad95,c9431eee-9299-4234-81b7-1df1e3e6e97c,218,1636386882779842256,1636386883639764256,859,true,1561,2528
93f3ae11-30aa-45a9-b5bd-57b0ed6bad95,c9431eee-9299-4234-81b7-1df1e3e6e97c,219,1636386883683794256,1636386885023811256,1340,true,2589,2625
93f3ae11-30aa-45a9-b5bd-57b0ed6bad95,c9431eee-9299-4234-81b7-1df1e3e6e97c,220,1636386885043823256,1636386885375795256,331,true,2476,2797
93f3ae11-30aa-45a9-b5bd-57b0ed6bad95,c9431eee-9299-4234-81b7-1df1e3e6e97c,221,1636386885395762256,1636386885603785256,208,true,2478,2579
93f3ae11-30aa-45a9-b5bd-57b0ed6bad95,c9431eee-9299-4234-81b7-1df1e3e6e97c,222,1636386885643766256,1636386886079835256,436,false,3302,2311
5ee66696-5b84-4814-bb13-b96dee92dfba,737e9eee-89e5-4d1b-9b06-57d84e51eaca,309,1636634036374870351,1636634036446822351,71,true,1943,1698
5ee66696-5b84-4814-bb13-b96dee92dfba,737e9eee-89e5-4d1b-9b06-57d84e51eaca,310,1636634036914821351,1636634037034855351,120,true,2115,1477
5ee66696-5b84-4814-bb13-b96dee92dfba,737e9eee-89e5-4d1b-9b06-57d84e51eaca,311,1636634037070881351,1636634037150832351,79,true,1556,1522
5ee66696-5b84-4814-bb13-b96dee92dfba,737e9eee-89e5-4d1b-9b06-57d84e51eaca,312,1636634037382812351,1636634038318922351,936,true,1874,777
5ee66696-5b84-4814-bb13-b96dee92dfba,737e9eee-89e5-4d1b-9b06-57d84e51eaca,313,1636634038426829351,1636634038490832351,64,true,1855,733
5ee66696-5b84-4814-bb13-b96dee92dfba,737e9eee-89e5-4d1b-9b06-57d84e51eaca,314,1636634038538850351,1636634038962904351,424,true,2435,471
5ee66696-5b84-4814-bb13-b96dee92dfba,737e9eee-89e5-4d1b-9b06-57d84e51eaca,315,1636634038966857351,1636634039134816351,167,true,2586,509
5ee66696-5b84-4814-bb13-b96dee92dfba,737e9eee-89e5-4d1b-9b06-57d84e51eaca,316,1636634039186829351,1636634039498911351,312,true,1013,326
5ee66696-5b84-4814-bb13-b96dee92dfba,737e9eee-89e5-4d1b-9b06-57d84e51eaca,317,1636634039622836351,1636634039718897351,96,true,1072,385
5ee66696-5b84-4814-bb13-b96dee92dfba,737e9eee-89e5-4d1b-9b06-57d84e51eaca,318,1636634039762852351,1636634040426815351,663,true,1927,1023
5ee66696-5b84-4814-bb13-b96dee92dfba,737e9eee-89e5-4d1b-9b06-57d84e51eaca,319,1636634040478860351,1636634040554844351,75,true,2265,680
5ee66696-5b84-4814-bb13-b96dee92dfba,737e9eee-89e5-4d1b-9b06-57d84e51eaca,320,1636634040646829351,1636634041502834351,856,true,1909,778
5ee66696-5b84-4814-bb13-b96dee92dfba,737e9eee-89e5-4d1b-9b06-57d84e51eaca,321,1636634041566875351,1636634042018928351,452,false,3041,909
5ee66696-5b84-4814-bb13-b96dee92dfba,737e9eee-89e5-4d1b-9b06-57d84e51eaca,322,1636634042050902351,1636634042346893351,295,true,2408,608
5ee66696-5b84-4814-bb13-b96dee92dfba,737e9eee-89e5-4d1b-9b06-57d84e51eaca,323,1636634042390859351,1636634042542835351,151,true,1879,829
5ee66696-5b84-4814-bb13-b96dee92dfba,737e9eee-89e5-4d1b-9b06-57d84e51eaca,324,1636634042658845351,1636634043042857351,384,true,1864,774
5ee66696-5b84-4814-bb13-b96dee92dfba,737e9eee-89e5-4d1b-9b06-57d84e51eaca,325,1636634043074835351,1636634043410872351,336,true,1859,1451
5ee66696-5b84-4814-bb13-b96dee92dfba,737e9eee-89e5-4d1b-9b06-57d84e51eaca,326,1636634043434917351,1636634044098866351,663,true,1556,1576
5ee66696-5b84-4814-bb13-b96dee92dfba,737e9eee-89e5-4d1b-9b06-57d84e51eaca,327,1636634044146818351,1636634044586843351,440,true,2078,1466
5ee66696-5b84-4814-bb13-b96dee92dfba,737e9eee-89e5-4d1b-9b06-57d84e51eaca,328,1636634044598836351,1636634045190826351,591,true,1893,1415
5ee66696-5b84-4814-bb13-b96dee92dfba,737e9eee-89e5-4d1b-9b06-57d84e51eaca,329,1636634045214840351,1636634045402912351,188,true,1627,1333
5ee66696-5b84-4814-bb13-b96dee92dfba,737e9eee-89e5-4d1b-9b06-57d84e51eaca,330,1636634045406926351,1636634045666821351,259,true,1478,1326
5ee66696-5b84-4814-bb13-b96dee92dfba,737e9eee-89e5-4d1b-9b06-57d84e51eaca,331,1636634045670836351,1636634045982852351,312,true,1501,1494
5ee66696-5b84-4814-bb13-b96dee92dfba,737e9eee-89e5-4d1b-9b06-57d84e51eaca,332,1636634046126970351,1636634046682872351,555,true,1343,1558
5ee66696-5b84-4814-bb13-b96dee92dfba,737e9eee-89e5-4d1b-9b06-57d84e51eaca,333,1636634046726814351,1636634047102830351,376,true,1399,2626
5ee66696-5b84-4814-bb13-b96dee92dfba,737e9eee-89e5-4d1b-9b06-57d84e51eaca,334,1636634047126843351,1636634049174854351,2048,true,1756,2439
5ee66696-5b84-4814-bb13-b96dee92dfba,737e9eee-89e5-4d1b-9b06-57d84e51eaca,335,1636634049206880351,1636634049662848351,455,true,2538,2496
5ee66696-5b84-4814-bb13-b96dee92dfba,737e9eee-89e5-4d1b-9b06-57d84e51eaca,336,1636634049850851351,1636634050070840351,219,true,2427,2537
5ee66696-5b84-4814-bb13-b96dee92dfba,737e9eee-89e5-4d1b-9b06-57d84e51eaca,337,1636634050106830351,1636634050674833351,568,true,1654,2458
5ee66696-5b84-4814-bb13-b96dee92dfba,737e9eee-89e5-4d1b-9b06-57d84e51eaca,338,1636634050694847351,1636634050886847351,192,true,2407,2349
5ee66696-5b84-4814-bb13-b96dee92dfba,737e9eee-89e5-4d1b-9b06-57d84e51eaca,339,1636634050906867351,1636634051254818351,347,true,2514,2552
5ee66696-5b84-4814-bb13-b96dee92dfba,737e9eee-89e5-4d1b-9b06-57d84e51eaca,340,1636634051358899351,1636634051938827351,579,true,2534,2540
5ee66696-5b84-4814-bb13-b96dee92dfba,737e9eee-89e5-4d1b-9b06-57d84e51eaca,341,1636634051958848351,1636634052466842351,507,true,2515,2482
5ee66696-5b84-4814-bb13-b96dee92dfba,737e9eee-89e5-4d1b-9b06-57d84e51eaca,342,1636634052590849351,1636634052966837351,375,true,2553,2543
5ee66696-5b84-4814-bb13-b96dee92dfba,737e9eee-89e5-4d1b-9b06-57d84e51eaca,343,1636634052970853351,1636634053450849351,479,true,2490,2379
5ee66696-5b84-4814-bb13-b96dee92dfba,737e9eee-89e5-4d1b-9b06-57d84e51eaca,344,1636634053438858351,1636634055198879351,1760,true,2496,2592
5ee66696-5b84-4814-bb13-b96dee92dfba,737e9eee-89e5-4d1b-9b06-57d84e51eaca,345,1636634055398841351,1636634055594936351,196,true,2582,2462
5ee66696-5b84-4814-bb13-b96dee92dfba,737e9eee-89e5-4d1b-9b06-57d84e51eaca,346,1636634055634846351,1636634056034823351,399,false,3220,2262
5ee66696-5b84-4814-bb13-b96dee92dfba,737e9eee-89e5-4d1b-9b06-57d84e51eaca,347,1636634056070842351,1636634056670829351,599,false,3315,2758
5ee66696-5b84-4814-bb13-b96dee92dfba,737e9eee-89e5-4d1b-9b06-57d84e51eaca,348,1636634056754821351,1636634056974854351,220,false,3301,2696
5ee66696-5b84-4814-bb13-b96dee92dfba,737e9eee-89e5-4d1b-9b06-57d84e51eaca,349,1636634057010836351,1636634057906819351,895,false,3247,2292
5ee66696-5b84-4814-bb13-b96dee92dfba,737e9eee-89e5-4d1b-9b06-57d84e51eaca,350,1636634057934854351,1636634058314997351,380,false,3148,1696
5ee66696-5b84-4814-bb13-b96dee92dfba,737e9eee-89e5-4d1b-9b06-57d84e51eaca,351,1636634058358814351,1636634058650865351,292,false,3258,2489
5ee66696-5b84-4814-bb13-b96dee92dfba,737e9eee-89e5-4d1b-9b06-57d84e51eaca,352,1636634058650865351,1636634058818890351,168,false,3238,2264
5ee66696-5b84-4814-bb13-b96dee92dfba,737e9eee-89e5-4d1b-9b06-57d84e51eaca,353,1636634058974866351,1636634059342840351,367,false,3234,2226
5ee66696-5b84-4814-bb13-b96dee92dfba,737e9eee-89e5-4d1b-9b06-57d84e51eaca,354,1636634059394868351,1636634059798854351,403,false,3522,986
5ee66696-5b84-4814-bb13-b96dee92dfba,737e9eee-89e5-4d1b-9b06-57d84e51eaca,355,1636634059838848351,1636634060630963351,792,false,3748,346
